﻿<?xml version="1.0" encoding="utf-8"?>
<key id="f4c37367-6b2b-462b-bffa-7a8d09b07678" version="1">
  <creationDate>2020-10-03T19:27:04.5746881Z</creationDate>
  <activationDate>2020-10-03T19:27:04.5652606Z</activationDate>
  <expirationDate>2021-01-01T19:27:04.5652606Z</expirationDate>
  <descriptor deserializerType="Microsoft.AspNetCore.DataProtection.AuthenticatedEncryption.ConfigurationModel.AuthenticatedEncryptorDescriptorDeserializer, Microsoft.AspNetCore.DataProtection, Version=3.1.8.0, Culture=neutral, PublicKeyToken=adb9793829ddae60">
    <descriptor>
      <encryption algorithm="AES_256_CBC" />
      <validation algorithm="HMACSHA256" />
      <masterKey p4:requiresEncryption="true" xmlns:p4="http://schemas.asp.net/2015/03/dataProtection">
        <!-- Warning: the key below is in an unencrypted form. -->
        <value>wgL/NdyoMBjA8zltH3ZoQgjcWhRxwTSQHql3L8e10t0ltHtA0cMdRLtV9XD8Ihpx2RE27NsrIKdvzUrofXRRvg==</value>
      </masterKey>
    </descriptor>
  </descriptor>
</key>