﻿<?xml version="1.0" encoding="utf-8"?>
<key id="39b07ff1-ea63-444d-a460-ad0308e98e9d" version="1">
  <creationDate>2020-09-18T17:22:40.7964513Z</creationDate>
  <activationDate>2020-09-18T17:22:40.7859943Z</activationDate>
  <expirationDate>2020-12-17T17:22:40.7859943Z</expirationDate>
  <descriptor deserializerType="Microsoft.AspNetCore.DataProtection.AuthenticatedEncryption.ConfigurationModel.AuthenticatedEncryptorDescriptorDeserializer, Microsoft.AspNetCore.DataProtection, Version=3.1.8.0, Culture=neutral, PublicKeyToken=adb9793829ddae60">
    <descriptor>
      <encryption algorithm="AES_256_CBC" />
      <validation algorithm="HMACSHA256" />
      <masterKey p4:requiresEncryption="true" xmlns:p4="http://schemas.asp.net/2015/03/dataProtection">
        <!-- Warning: the key below is in an unencrypted form. -->
        <value>Gp5iws8TlsjsGmTyfeEHuem6SvJ3B+AQFtu6lORVQ6VxgUHOaDJW+/o1IEvr/8muUca8xi5lNnQSjnLg0G4azg==</value>
      </masterKey>
    </descriptor>
  </descriptor>
</key>