[
  {
    "id": "sitelink",
    "type": "inputstring",
    "name": "Site Link",
    "value": "https://bt.etree.org/"
  },
  {
    "id": "cookieheader",
    "type": "hiddendata",
    "name": "CookieHeader",
    "value": "__cfduid=d26a2d01ffc6f85b8d54e9b54585a7f3e1600772269; PHPSESSID=kfm0afn0m5egca46ter4b1nrm3"
  },
  {
    "id": "lasterror",
    "type": "hiddendata",
    "name": "LastError",
    "value": null
  },
  {
    "id": "sortrequestedfromsite",
    "type": "inputselect",
    "name": "Sort requested from site",
    "value": "added",
    "options": {
      "added": "created",
      "seeders": "seeders",
      "name": "title"
    }
  }
]