[
  {
    "id": "sitelink",
    "type": "inputstring",
    "name": "Site Link",
    "value": "https://ibit.to/"
  },
  {
    "id": "cookieheader",
    "type": "hiddendata",
    "name": "CookieHeader",
    "value": "__cfduid=d17b865cf0988617bd08c80dc9ecc2a551600772273; _ssn=fbf156c30cf65c547c3e999aee71d6ea; _xsrf=Y1Y3ZzhpR0pwaDZIVFNremY4RjBUOHp3M09sTnZzckY=|1600772273165760916|f02b25e93e95d055c1768c24699497e56051056717f25dcff00fdfbbf292157e"
  },
  {
    "id": "lasterror",
    "type": "hiddendata",
    "name": "LastError",
    "value": null
  },
  {
    "id": "sortrequestedfromsite(appliesonlytokeywordsearches)",
    "type": "inputselect",
    "name": "Sort requested from site (applies only to Keyword searches)",
    "value": "uploaded_at",
    "options": {
      "uploaded_at": "created",
      "seeders": "seeders",
      "size": "size"
    }
  },
  {
    "id": "orderrequestedfromsite",
    "type": "inputselect",
    "name": "Order requested from site",
    "value": "desc",
    "options": {
      "desc": "desc",
      "asc": "asc"
    }
  }
]