[
  {
    "id": "sitelink",
    "type": "inputstring",
    "name": "Site Link",
    "value": "https://magnet4you.me/"
  },
  {
    "id": "cookieheader",
    "type": "hiddendata",
    "name": "CookieHeader",
    "value": "__cfduid=d10ffd645e92a2e4ee1ced328ac2461001600772279"
  },
  {
    "id": "lasterror",
    "type": "hiddendata",
    "name": "LastError",
    "value": null
  },
  {
    "id": "info",
    "type": "displayinfo",
    "name": "info",
    "value": "Magnet4You does not use categories. In your software Indexer settings, set the category to 7000."
  },
  {
    "id": "sortrequestedfromsite",
    "type": "inputselect",
    "name": "Sort requested from site",
    "value": "uploaded",
    "options": {
      "uploaded": "created",
      "seed": "seeders",
      "size": "size",
      "title": "name"
    }
  }
]