[
  {
    "id": "sitelink",
    "type": "inputstring",
    "name": "Site Link",
    "value": "https://www.tokyotosho.info/"
  },
  {
    "id": "cookieheader",
    "type": "hiddendata",
    "name": "CookieHeader",
    "value": "__cfduid=d777baf9886fed3bc12fa0603801e4cf61602354794; lastvisit=1602354764; lastvisit_session=1602354764"
  },
  {
    "id": "lasterror",
    "type": "hiddendata",
    "name": "LastError",
    "value": null
  },
  {
    "id": "typeid",
    "type": "inputstring",
    "name": "Type Id",
    "value": null
  }
]