[
  {
    "id": "sitelink",
    "type": "inputstring",
    "name": "Site Link",
    "value": "https://torrentquest.com/"
  },
  {
    "id": "cookieheader",
    "type": "hiddendata",
    "name": "CookieHeader",
    "value": "__cfduid=d7fbdfa162c01f614bfc7a56d9445bf911600772300"
  },
  {
    "id": "lasterror",
    "type": "hiddendata",
    "name": "LastError",
    "value": null
  },
  {
    "id": "sortrequestedfromsite",
    "type": "inputselect",
    "name": "Sort requested from site",
    "value": "age",
    "options": {
      "age": "created",
      "se": "seeders",
      "size": "size"
    }
  },
  {
    "id": "orderrequestedfromsite",
    "type": "inputselect",
    "name": "Order requested from site",
    "value": "desc",
    "options": {
      "desc": "desc",
      "asc": "asc"
    }
  }
]