[
  {
    "id": "sitelink",
    "type": "inputstring",
    "name": "Site Link",
    "value": "https://zooqle.com/"
  },
  {
    "id": "cookieheader",
    "type": "hiddendata",
    "name": "CookieHeader",
    "value": "__cfduid=d1af85d3fce07eef11a3d42804f97fdaa1600772310"
  },
  {
    "id": "lasterror",
    "type": "hiddendata",
    "name": "LastError",
    "value": null
  },
  {
    "id": "sortrequestedfromsite",
    "type": "inputselect",
    "name": "Sort requested from site",
    "value": "dt",
    "options": {
      "dt": "created",
      "ns": "seeders",
      "sz": "size"
    }
  },
  {
    "id": "orderrequestedfromsite",
    "type": "inputselect",
    "name": "Order requested from site",
    "value": "d",
    "options": {
      "d": "desc",
      "a": "asc"
    }
  }
]