[
  {
    "id": "sitelink",
    "type": "inputstring",
    "name": "Site Link",
    "value": "https://www.skytorrents.lol/"
  },
  {
    "id": "cookieheader",
    "type": "hiddendata",
    "name": "CookieHeader",
    "value": "__cfduid=d370f28e84dcb6a6d163f4a6b72c69cf81600772290; PHPSESSID=olu1gm1qjsd9n9er0kaiat0gns"
  },
  {
    "id": "lasterror",
    "type": "hiddendata",
    "name": "LastError",
    "value": null
  },
  {
    "id": "sortrequestedfromsite",
    "type": "inputselect",
    "name": "Sort requested from site",
    "value": "created",
    "options": {
      "created": "created",
      "seeders": "seeders"
    }
  }
]