[
  {
    "id": "sitelink",
    "type": "inputstring",
    "name": "Site Link",
    "value": "https://torrentv.org/"
  },
  {
    "id": "cookieheader",
    "type": "hiddendata",
    "name": "CookieHeader",
    "value": "__cfduid=d0138b2459a381967d5896c75feb48f2c1600772306"
  },
  {
    "id": "lasterror",
    "type": "hiddendata",
    "name": "LastError",
    "value": null
  },
  {
    "id": "sortrequestedfromsite(appliesonlytokeywordsearches)",
    "type": "inputselect",
    "name": "Sort requested from site (Applies only to Keyword searches)",
    "value": "td-1",
    "options": {
      "td-1": "created",
      "s-1": "seeders",
      "na-1": "title"
    }
  }
]