[
  {
    "id": "sitelink",
    "type": "inputstring",
    "name": "Site Link",
    "value": "https://torrentgalaxy.to/"
  },
  {
    "id": "cookieheader",
    "type": "hiddendata",
    "name": "CookieHeader",
    "value": "pass=deleted; uid=deleted; PHPSESSID=2kctifinpisq6cct2d6ccuc2hv"
  },
  {
    "id": "lasterror",
    "type": "hiddendata",
    "name": "LastError",
    "value": null
  },
  {
    "id": "sortrequestedfromsite",
    "type": "inputselect",
    "name": "Sort requested from site",
    "value": "id",
    "options": {
      "id": "created",
      "seeders": "seeders",
      "size": "size",
      "name": "title"
    }
  },
  {
    "id": "orderrequestedfromsite",
    "type": "inputselect",
    "name": "Order requested from site",
    "value": "desc",
    "options": {
      "desc": "desc",
      "asc": "asc"
    }
  },
  {
    "id": "captchatext",
    "type": "inputstring",
    "name": "Captcha Text",
    "value": null
  }
]