[
  {
    "id": "sitelink",
    "type": "inputstring",
    "name": "Site Link",
    "value": "https://www.torrentdownloads.info/"
  },
  {
    "id": "cookieheader",
    "type": "hiddendata",
    "name": "CookieHeader",
    "value": "__cfduid=d36347777eef78d365cc42ef1534b55031600772293"
  },
  {
    "id": "lasterror",
    "type": "hiddendata",
    "name": "LastError",
    "value": null
  },
  {
    "id": "downloadlink",
    "type": "inputselect",
    "name": "Download link",
    "value": "magnet:",
    "options": {
      "http://itorrents.org/": "iTorrents.org",
      "magnet:": "magnet"
    }
  }
]