[
  {
    "id": "sitelink",
    "type": "inputstring",
    "name": "Site Link",
    "value": "https://torrent4you.me/"
  },
  {
    "id": "cookieheader",
    "type": "hiddendata",
    "name": "CookieHeader",
    "value": "__cfduid=d0e01ff91d877db1c52ac7c76852068ff1600772294"
  },
  {
    "id": "lasterror",
    "type": "hiddendata",
    "name": "LastError",
    "value": null
  },
  {
    "id": "info",
    "type": "displayinfo",
    "name": "info",
    "value": "Torrent4You does not use categories. In your software Indexer settings, set the category to 7000."
  },
  {
    "id": "sortrequestedfromsite",
    "type": "inputselect",
    "name": "Sort requested from site",
    "value": "created",
    "options": {
      "created": "created",
      "seed": "seeders",
      "size": "size",
      "title": "name"
    }
  }
]